page;name;pwd
http://www.orhan-polat.de;Orhan Polat;opolat
http://www.lothar.lipinski.de;Lothar Lipinski;llipinski
http://www.olaf.lange.de;Olaf Lange;olange
http://www.matthias.holsten.de;Matthias Holsten;mholsten
http://www.karsten.panier.de;Karsten Panier;kpanier
